<?xml version="1.0" encoding="UTF-8"?>
<suite name="Suite">
  <test thread-count="5" name="Test">
    <classes>
      <class name="com.ust.Allbirds.stepdefinitions.HomebuttonStepDefinitions"/>
      <class name="com.ust.Allbirds.testcases.TestHomePage"/>
      <class name="com.ust.Allbirds.stepdefinitions.ReturnAndExchange"/>
      <class name="com.ust.Allbirds.stepdefinitions.WomenPageStep"/>
      <class name="com.ust.Allbirds.stepdefinitions.StepDefinitions"/>
      <class name="com.ust.Allbirds.testcases.TestLoginPage"/>
      <class name="com.ust.Allbirds.stepdefinitions.KidsPageStep"/>
      <class name="com.ust.Allbirds.base.TestSetUp"/>
      <class name="com.ust.Allbirds.testcases.TestRegisterPage"/>
      <class name="com.ust.Allbirds.testcases.TestMensProductPage"/>
      <class name="com.ust.Allbirds.testcases.TestCartPage"/>
      <class name="com.ust.Allbirds.testcases.TestSearchPage"/>
      <class name="com.ust.Allbirds.testcases.TestShippingDetails"/>
      <class name="com.ust.Allbirds.testcases.TestNewArrivals"/>
      <class name="com.ust.Allbirds.stepdefinitions.ReferaFriend"/>
      <class name="com.ust.Allbirds.stepdefinitions.HelpPageStep"/>
    </classes>
  </test> <!-- Test -->
</suite> <!-- Suite -->
